# path	sha256	type	dimensions
assets/logo-mark.png	869f852b8cf354e0ea447cc3dacb2802c2b2ebe04235455ca16011f51057fc4d	image/png	512x512
assets/logo-mark.svg	821ce53a2b99528ee98bd69b17ba4e162d99bce257d613ddeba64315f8a584c0	image/svg+xml	256x256
assets/logo.png	b6d9e32aa6930a04c4aab2d561b78a9f1b87fec45f12616bc72d0d037e497f27	image/png	2400x640
assets/logo.svg	500b1a0c8c3d032f7c2ddf7ef60ca829c2b21d616592c58d8d5312e860306029	image/svg+xml	1200x320
assets/screenshots/cold-slate.png	e5728bba5d5594d091ed1df2fd4defd5c4bba8f5ef0a9d2af3951742434559f4	image/png	1920x1080
assets/screenshots/ember-forge.png	9a7254593fac2a45e73888072bda63be4fe33bd55fc915dfb51b87dc8341f2d5	image/png	1920x1080
assets/screenshots/emerald-night.png	5bfc80a3e4dbfc5eb8769813c572abf48c98396304408b7a5f71d5713c75f3a2	image/png	1920x1080
assets/screenshots/gilded-dusk.png	5e17136a67bcea54177a138466c0c63e0378d5aa767b862c1cd4338269074a33	image/png	1920x1080
assets/screenshots/moss-stone.png	439c4bf53311d2652038cbb420b56de305dc7206780c31e5a19bee38406014ed	image/png	1920x1080
assets/screenshots/surface-clipboard.png	809a01d8fe457eeffb85c57ef9f03ed1ece7f303d776366350a696dfa622fb5f	image/png	1920x1080
assets/screenshots/surface-help-browser.png	67d7d31893830942b511b7c6ead0d502a2904dcaa2429b9a9ee326af413323e0	image/png	1920x1080
assets/screenshots/surface-help-editor.png	6bae49b702459346d83b28410ba1a1049e08ae1867af30857f3b843912fe8329	image/png	1920x1080
assets/screenshots/surface-help-hypr.png	800ef4b7e2871f524d4de74d084d8e9c72f88f506daf29cc4899fed5621127f8	image/png	1920x1080
assets/screenshots/surface-help-shell.png	ea38183a95efe4777e1c2a13e221ead3e371a1bd56465b5060576dab7167acf1	image/png	1920x1080
assets/screenshots/surface-help-system.png	bb4a0239ff067e476d25a5f7651b566d6dec3381947a1f1dc09ab6948574c34e	image/png	1920x1080
assets/screenshots/surface-launcher-dmenu.png	e927acd37922bed9a999e761ed2e15588b699a3cf5d36ab7f8c9af3b9c11bc6e	image/png	1920x1080
assets/screenshots/surface-launcher-rofi.png	91b1df31671bf6b5f47f9888c44efa36fd7b5771af97bc3de6d1584d88553230	image/png	1920x1080
assets/screenshots/surface-launcher-wofi.png	e584cb3ff7c7e19f32d78e66320a8e166337f95eccdfb2ac433288e97b460b0d	image/png	1920x1080
assets/screenshots/surface-lock.png	2e7bccb61b14c160dceb4f8cfd1a64ec53c53a9818fc2e4490fa0220282ac5a7	image/png	1920x1080
assets/screenshots/surface-notification.png	1c60456da714e2af9735df9b26f1d5cd771fd4be321c4aaa05448dfee6c345f7	image/png	1920x1080
assets/screenshots/surface-power-rofi.png	8cf87cf0afe1b7ee906f945d683466de1f1d0c2158a06b25ac3b97beaf71bd7a	image/png	1920x1080
assets/screenshots/surface-power.png	bab39bda8d5a1cff0e66e178977a97959aeaefe40396314cf3271d85652507aa	image/png	1920x1080
assets/screenshots/surface-theme.png	b83ab6e0f8a1633c17ac5647a228932bd00870ba17e8df74a54414c9f0c9164c	image/png	1920x1080
assets/screenshots/surface-welcome.png	3a6afa3548e7a7041e977fb4d523da8d6b2d3c2fbfe8835e0bdd94a37cc30f6d	image/png	1920x1080
assets/screenshots/verdigris-night.png	9dee5b276242775b27b3004b01bcb59b4a9ced6a0d07fc682ef95059dab4e73f	image/png	1920x1080
assets/screenshots/warm-night.png	75b782916703589a41516d1ea87dd4cbeaa7412113a6a772e0597da50ea4e127	image/png	1920x1080
assets/screenshots/wild-bloom.png	e49f04cb85ba25556a9c7cd4f4afe2f21749db16a2a8a88e3553a722bf1ab6bc	image/png	1920x1080
assets/wallpapers/all-eight.png	ad4bd77571cb1c84a6e48ccacd0c100c500723a7769f6537ce507b5bd41a64ff	image/png	2280x650
assets/wallpapers/cold-slate.png	e2911f890203a27b4beef296b475fb3adf0e2b67134ce0b0c24f1809117dc47a	image/png	1920x1080
assets/wallpapers/ember-forge.png	df8232c1c06cf142b50f731b20bb3144d17eddbc26ab2f08fe2d9befaf222c53	image/png	1920x1080
assets/wallpapers/emerald-night.png	0df8b11ed62ba776260195b1110658a04cb27f2ebc4d215bddde27ae3c887b60	image/png	1920x1080
assets/wallpapers/gilded-dusk.png	06aae014d712f3a286951e3eda3092553c70f512651d2122834900549ca6e7c0	image/png	1920x1080
assets/wallpapers/moss-stone.png	3942c612ef9458327157b75f82ec9d29c6f6090c9489cced91593fddf1817a94	image/png	1920x1080
assets/wallpapers/verdigris-night.png	80c5f3b7b6cc3496fc05181fc594f1a9e27a4d3b95f232fd9a924041b11df9d4	image/png	1920x1080
assets/wallpapers/warm-night.png	dc31ec902b1e68cace7f9b8684e8efd4592ac23bfd6b11f01f83d093ea81183c	image/png	1920x1080
assets/wallpapers/wild-bloom.png	c03a3d05e4b5bb55de7b46071f52800189984e78dcd708ffabe2bd88f73417e1	image/png	1920x1080
dotfiles/hypr/.local/share/wallpapers/warm-night.png	17add001d26a2437abc21ac2a90c9b716fa7d52b4d4a69c2bd18f7041b96b91b	image/png	3840x2160
dotfiles/hypr/.local/share/wallpapers/warm-night.svg	d8f156ea6199d20c27a00a6840b0b385e28437dd6e65be9e1143a42ed8128957	image/svg+xml	3840x2160
dotfiles/ricer/.config/nwg-bar/icons/lock.svg	045956c9ee14710fb4f06f92abb4a8e24c04213faede93163fc6af0fce41e611	image/svg+xml	24x24
dotfiles/ricer/.config/nwg-bar/icons/log-out.svg	5c374f86a7aa6d55e472809d8401d7ec0b3b4d818b667bd3afc56555e3e23c9e	image/svg+xml	24x24
dotfiles/ricer/.config/nwg-bar/icons/power-off.svg	f9522fbc197ec8a3fbc9c197bfeeb839f1a5e8307f8b5718f9db53c641a3686d	image/svg+xml	24x24
dotfiles/ricer/.config/nwg-bar/icons/reboot.svg	4c02a7e36c8884fd36380eed7dad622c7d5e6bfd7237fb70ff6f08884d1dfe8d	image/svg+xml	24x24
dotfiles/ricer/.config/nwg-bar/icons/suspend.svg	f83792888aaa59994790ed530bb7dafcda08e3a0f3f97774839c8a3faf4dec86	image/svg+xml	24x24
templates/brand/logo-mark.svg.in	048f086e11d5f1f75b00c7c87f15e643040364ce4c0ce7a76ae85ee8078c2c1b	image/svg+xml	256x256
templates/brand/logo.svg.in	a7e489400d1921cb70b9c1e0467e1947cce804ce346cf128ef852be6e1437c10	image/svg+xml	1200x320
templates/ricer/.config/nwg-bar/icons/lock.svg.in	50e61b5206166766044d87e43173bcf3afe8b11053c6482cbf0ae7d5f9403851	image/svg+xml	24x24
templates/ricer/.config/nwg-bar/icons/log-out.svg.in	4641734efc38ce1ed4e5a449c2065fecaea5a9f24542ab0dba1f8a1204088c0a	image/svg+xml	24x24
templates/ricer/.config/nwg-bar/icons/power-off.svg.in	8ae898a86e133b15737f304ba44efdb9ee361e38baa8c7a10a2382d4251bede0	image/svg+xml	24x24
templates/ricer/.config/nwg-bar/icons/reboot.svg.in	80fc57b2fb0a0667c798561aa8bb73e9dd3950aeae1a065577d29d833bc04cd8	image/svg+xml	24x24
templates/ricer/.config/nwg-bar/icons/suspend.svg.in	5de3d66e5dcf53af1af85dd02585972478d54ed3ac5cdbe3ee85cc638a47c08b	image/svg+xml	24x24
templates/wallpaper/base.svg.in	e2830a766f4d8624161cbef582ab8ac57e6c82518faa01fb349b1afdda834d04	image/svg+xml	3840x2160
